{
    "traindir": "C-short-dtime",
    "lr": 1e-06,
    "epochs": 20,
    "z_dim": 10,
    "loss": "combi",
    "train_time": 9400.699119091034,
    "overhead": 0.33995676040649414,
    "samples": 9493,
    "cutoff_abs": 1e-20,
    "done": "true"
}