{
    "traindir": "easy-mace3",
    "lr": 0.001,
    "epochs": 80,
    "z_dim": 25,
    "dt_fract": 0.1,
    "train_time": 227722.50926446915,
    "overhead": 6.368120908737183,
    "samples": 20775,
    "cutoff_abs": 1e-20,
    "done": "true",
    "norm_mse": 6.90310418772751e-05,
    "norm_rel": 2879801581581748.5
}