{
    "traindir": "new",
    "lr": 0.001,
    "epochs": 20,
    "z_dim": 10,
    "train_time": 564653.6812107563,
    "overhead": 34.28063344955444,
    "samples": 945091,
    "cutoff_abs": 1e-20,
    "done": "true"
}