{
    "traindir": "easy-mace2",
    "lr": 0.001,
    "epochs": 80,
    "z_dim": 10,
    "dt_fract": 0.2,
    "train_time": 20631.877010822296,
    "overhead": 1.0143754482269287,
    "samples": 4638,
    "cutoff_abs": 1e-20,
    "done": "true"
}