{
    "traindir": "C-short-dtime",
    "lr": 0.01,
    "epochs": 20,
    "z_dim": 10,
    "train_time": 17518.497247695923,
    "overhead": 0.5047903060913086,
    "samples": 9493,
    "cutoff_abs": 1e-20,
    "done": "true"
}