{
    "traindir": "easy-mace2",
    "lr": 0.001,
    "epochs": 80,
    "z_dim": 10,
    "train_time": 10965.903971910477,
    "overhead": 39.257946252822876,
    "samples": 4638,
    "cutoff_abs": 1e-20,
    "done": "true"
}