{
    "traindir": "C-short-dtime",
    "lr": 0.001,
    "epochs": 20,
    "z_dim": 10,
    "train_time": 13867.770193099976,
    "overhead": 0.9369823932647705,
    "samples": 9493,
    "cutoff_abs": 1e-20,
    "done": "true"
}