{
    "traindir": "C-short-dtime",
    "lr": 1e-05,
    "epochs": 20,
    "z_dim": 10,
    "loss": "mse",
    "train_time": 9217.403489589691,
    "overhead": 0.9449751377105713,
    "samples": 9493,
    "cutoff_abs": 1e-20,
    "done": "true"
}