{
    "traindir": "C-short-dtime",
    "lr": 0.001,
    "epochs": 20,
    "z_dim": 50,
    "train_time": 33649.52887034416,
    "overhead": 0.39177465438842773,
    "samples": 9493,
    "cutoff_abs": 1e-20,
    "done": "true"
}