{
    "traindir": "easy-mace2",
    "lr": 0.001,
    "epochs": 80,
    "z_dim": 25,
    "dt_fract": 0.1,
    "train_time": 37581.02580833435,
    "overhead": 3.990013837814331,
    "samples": 4638,
    "cutoff_abs": 1e-20,
    "done": "true"
}