{
    "traindir": "C-short-dtime",
    "lr": 1.0,
    "epochs": 1,
    "z_dim": 10,
    "train_time": 85.76866579055786,
    "overhead": 0.20693683624267578,
    "samples": 9493,
    "cutoff_abs": 1e-20,
    "done": "true"
}