{
    "traindir": "easy-mace2",
    "lr": 1e-05,
    "epochs": 80,
    "z_dim": 10,
    "train_time": 6487.264661312103,
    "overhead": 1.6988489627838135,
    "samples": 4638,
    "cutoff_abs": 1e-20,
    "done": "true"
}