{
    "traindir": "C-short-dtime",
    "lr": 1e-06,
    "epochs": 20,
    "z_dim": 10,
    "loss": "rel",
    "train_time": 9441.153411865234,
    "overhead": 0.2504434585571289,
    "samples": 9493,
    "cutoff_abs": 1e-20,
    "done": "true"
}