{
    "traindir": "C-short-dtime",
    "lr": 1e-05,
    "epochs": 20,
    "z_dim": 10,
    "loss": "rel",
    "train_time": 9754.32543349266,
    "overhead": 0.9316351413726807,
    "samples": 9493,
    "cutoff_abs": 1e-20,
    "done": "true"
}