{
    "traindir": "C-short-dtime",
    "lr": 0.001,
    "epochs": 80,
    "z_dim": 24,
    "train_time": 39506.31616020203,
    "overhead": 36.061596632003784,
    "samples": 9493,
    "cutoff_abs": 1e-20,
    "done": "true"
}